{"accuracy": 0.9333333373069763, "average_loss": 0.17297039926052094, "loss": 5.189112186431885, "global_step": 100}